{
	"cdmVersionRange" : ">=5.0.0",
	"PrimaryCriteria" : {
		"CriteriaList" : [
			{
				"ConditionOccurrence" : {
					"CodesetId" : 3,
					"ConditionTypeExclude" : false
				}
			}
		],
		"ObservationWindow" : {
			"PriorDays" : 0,
			"PostDays" : 0
		},
		"PrimaryCriteriaLimit" : {
			"Type" : "All"
		}
	},
	"AdditionalCriteria" : {
		"Type" : "ANY",
		"CriteriaList" : [
			{
				"Criteria" : {
					"VisitOccurrence" : {
						"CodesetId" : 2,
						"VisitTypeExclude" : false
					}
				},
				"StartWindow" : {
					"Start" : {
						"Coeff" : -1
					},
					"End" : {
						"Days" : 0,
						"Coeff" : 1
					},
					"UseEventEnd" : false
				},
				"EndWindow" : {
					"Start" : {
						"Days" : 0,
						"Coeff" : -1
					},
					"End" : {
						"Coeff" : 1
					},
					"UseEventEnd" : true
				},
				"RestrictVisit" : false,
				"IgnoreObservationPeriod" : false,
				"Occurrence" : {
					"Type" : 2,
					"Count" : 1,
					"IsDistinct" : false
				}
			}
		],
		"DemographicCriteriaList" : [],
		"Groups" : []
	},
	"ConceptSets" : [
		{
			"id" : 2,
			"name" : "Inpatient or ER visit",
			"expression" : {
				"items" : [
					{
						"concept" : {
							"CONCEPT_ID" : 262,
							"CONCEPT_NAME" : "Emergency Room and Inpatient Visit",
							"STANDARD_CONCEPT" : "S",
							"STANDARD_CONCEPT_CAPTION" : "Standard",
							"INVALID_REASON" : "V",
							"INVALID_REASON_CAPTION" : "Valid",
							"CONCEPT_CODE" : "ERIP",
							"DOMAIN_ID" : "Visit",
							"VOCABULARY_ID" : "Visit",
							"CONCEPT_CLASS_ID" : "Visit"
						},
						"isExcluded" : false,
						"includeDescendants" : true,
						"includeMapped" : false
					},
					{
						"concept" : {
							"CONCEPT_ID" : 9203,
							"CONCEPT_NAME" : "Emergency Room Visit",
							"STANDARD_CONCEPT" : "S",
							"STANDARD_CONCEPT_CAPTION" : "Standard",
							"INVALID_REASON" : "V",
							"INVALID_REASON_CAPTION" : "Valid",
							"CONCEPT_CODE" : "ER",
							"DOMAIN_ID" : "Visit",
							"VOCABULARY_ID" : "Visit",
							"CONCEPT_CLASS_ID" : "Visit"
						},
						"isExcluded" : false,
						"includeDescendants" : true,
						"includeMapped" : false
					},
					{
						"concept" : {
							"CONCEPT_ID" : 9201,
							"CONCEPT_NAME" : "Inpatient Visit",
							"STANDARD_CONCEPT" : "S",
							"STANDARD_CONCEPT_CAPTION" : "Standard",
							"INVALID_REASON" : "V",
							"INVALID_REASON_CAPTION" : "Valid",
							"CONCEPT_CODE" : "IP",
							"DOMAIN_ID" : "Visit",
							"VOCABULARY_ID" : "Visit",
							"CONCEPT_CLASS_ID" : "Visit"
						},
						"isExcluded" : false,
						"includeDescendants" : true,
						"includeMapped" : false
					}
				]
			}
		},
		{
			"id" : 3,
			"name" : "Acute myocardial Infarction",
			"expression" : {
				"items" : [
					{
						"concept" : {
							"CONCEPT_ID" : 4329847,
							"CONCEPT_NAME" : "Myocardial infarction",
							"STANDARD_CONCEPT" : "S",
							"STANDARD_CONCEPT_CAPTION" : "Standard",
							"INVALID_REASON" : "V",
							"INVALID_REASON_CAPTION" : "Valid",
							"CONCEPT_CODE" : "22298006",
							"DOMAIN_ID" : "Condition",
							"VOCABULARY_ID" : "SNOMED",
							"CONCEPT_CLASS_ID" : "Clinical Finding"
						},
						"isExcluded" : false,
						"includeDescendants" : true,
						"includeMapped" : false
					},
					{
						"concept" : {
							"CONCEPT_ID" : 314666,
							"CONCEPT_NAME" : "Old myocardial infarction",
							"STANDARD_CONCEPT" : "S",
							"STANDARD_CONCEPT_CAPTION" : "Standard",
							"INVALID_REASON" : "V",
							"INVALID_REASON_CAPTION" : "Valid",
							"CONCEPT_CODE" : "1755008",
							"DOMAIN_ID" : "Condition",
							"VOCABULARY_ID" : "SNOMED",
							"CONCEPT_CLASS_ID" : "Clinical Finding"
						},
						"isExcluded" : true,
						"includeDescendants" : true,
						"includeMapped" : false
					}
				]
			}
		}
	],
	"QualifiedLimit" : {
		"Type" : "All"
	},
	"ExpressionLimit" : {
		"Type" : "All"
	},
	"InclusionRules" : [],
	"EndStrategy" : {
		"DateOffset" : {
			"DateField" : "StartDate",
			"Offset" : 7
		}
	},
	"CensoringCriteria" : [],
	"CollapseSettings" : {
		"CollapseType" : "ERA",
		"EraPad" : 180
	},
	"CensorWindow" : {}
}