phenotypeId,cohortId,webApiCohortId,cohortName,logicDescription
27918000,27918001,17477,[PL 27918001] Eosinophilic esophagitis referent concept incident cohort: First occurrence of referent concept + descendants with >=365d prior observation,"Persons with condition occurrence of referent concept (27918) or descendants, for the first time in the person's history, with at least 365 days of prior continuous observation. Persons exit cohort at the end of the observation period."
27918000,27918002,17476,[PL 27918002] Eosinophilic esophagitis referent concept prevalent cohort: First occurrence of referent concept + descendants,"Persons with condition occurrence of referent concept (27918) or descendants, for the first time in the person's history. Persons exit cohort at the end of the observation period."
27918000,27918003,11650,[PL 27918003] Eosinophilic esophagitis at first diagnosis,Eosinophilic esophagitis at first diagnosis with 365 days continuous observation. Cohort exit is the end of continuous observable time for the person.
27918000,27918004,16908,[PL 27918004] Eosinophilic esophagitis with another occurrence in two years after - first time in persons history,Eosinophilic esophagitis at first diagnosis with 365 days continuous observation and a second diagnosis within 2 years. Cohort exit is the end of continuous observable time for the person.
80182000,80182001,17465,[PL 80182001] Dermatomyositis referent concept incident cohort: First occurrence of referent concept + descendants with >=365d prior observation,"Persons with condition occurrence of referent concept (80182) or descendants, for the first time in the person's history, with at least 365 days of prior continuous observation. Persons exit cohort at the end of the observation period."
80182000,80182002,17464,[PL 80182002] Dermatomyositis referent concept prevalent cohort: First occurrence of referent concept + descendants,"Persons with condition occurrence of referent concept (80182) or descendants, for the first time in the person's history. Persons exit cohort at the end of the observation period."
