atlasId,atlasName,cohortId,name
1770710,New users of ACE inhibitors as first-line monotherapy for hypertension (2),1770710,New_users_of_ACE_inhibitors_as_firstline_monotherapy_for_hypertension_2
1770711,New users of Thiazide-like diuretics as first-line monotherapy for hypertension (2),1770711,New_users_of_Thiazidelike_diuretics_as_firstline_monotherapy_for_hypertension_2
1770712,Angioedema outcome,1770712,Angioedema_outcome
1770713,Acute myocardial infarction outcome,1770713,Acute_myocardial_infarction_outcome
